tour_count,end_latitude,end_longitude
296,33.2434317486804,126.422025484805
279,33.2445118299829,126.42706892425
397,33.2446008832225,126.562080064702
402,33.2448713768605,126.564407292513
305,33.2448817599221,126.419089287441
405,33.2451502245644,126.565256479719
406,33.2453748836718,126.565805394195
410,33.2455654004832,126.56622823987
314,33.2458601630744,126.417640987034
406,33.2460808686345,126.56720431031
311,33.2461504858452,126.417211228734
408,33.2469121812391,126.568186082063
217,33.2469959405606,126.524357871654
222,33.2470525173768,126.523502732341
410,33.2473878901589,126.568641655676
406,33.2476070087314,126.56194314691
413,33.248490656346,126.566092112905
417,33.2485052332214,126.569797099798
410,33.2486330494679,126.567766213854
229,33.2487163730248,126.510996270448
224,33.2490290745359,126.509864069845
271,33.249504775292,126.430786666395
308,33.2495274323645,126.41516769304
422,33.2495513278977,126.571265834882
220,33.2495827339009,126.507873746275
217,33.2499486996761,126.505663685199
58,33.2504408798414,126.479772516194
53,33.2505756694444,126.47897307994
145,33.2506042519874,126.489259253852
76,33.2506112093179,126.303780415662
149,33.2506235369829,126.489733278303
88,33.2506395221982,126.308214794518
414,33.2506707173365,126.572365894008
304,33.2510025792305,126.412163318093
217,33.2510453401405,126.51057382497
232,33.2510915391162,126.435438952264
236,33.2510951783676,126.435137606044
246,33.2511464647543,126.433807257506
54,33.2511516704198,126.478039080718
207,33.2514261454919,126.509066205085
205,33.2516143682265,126.508321028024
322,33.2517163057307,126.425612357997
201,33.2518069940214,126.507558417468
304,33.2518121079499,126.412606529971
322,33.2518840173453,126.423200498485
206,33.2519471764356,126.510893698586
421,33.2520185079135,126.567805216454
400,33.2520519604627,126.553525949167
198,33.252183260053,126.506068768421
148,33.2523900231934,126.443906980257
203,33.2525101833859,126.508644486518
427,33.2525975557703,126.567765334976
416,33.2527117372472,126.561123952865
208,33.2527978840856,126.511195435893
190,33.2530738228232,126.506392739802
418,33.2532003198641,126.561048672553
201,33.2533483302766,126.508947121872
204,33.2536475390636,126.511496801699
193,33.2539001177339,126.506693332718
425,33.2541286672537,126.565480646032
200,33.2541529264473,126.524330998601
202,33.2542138463575,126.509259638269
371,33.2542158776929,126.576890076482
425,33.2542334992327,126.565957886793
22,33.2542683348405,126.212819073539
198,33.2545307850258,126.511810080608
103,33.2546120543735,126.342103167267
427,33.2546282833481,126.567677915087
186,33.2547822390188,126.507014232557
200,33.2548960401801,126.510361104064
196,33.25509361856,126.509577304036
221,33.2551060760495,126.540831571908
302,33.2552152701736,126.414235672425
188,33.2552863681975,126.508812659461
301,33.255431462832,126.413686617807
190,33.2555811299821,126.511878555533
181,33.2556592849375,126.507333288145
218,33.2556629912224,126.434977511323
406,33.2562036745941,126.560554668493
190,33.2564487502197,126.511030130034
405,33.2565170678434,126.568197755969
194,33.2566709359707,126.52441046863
184,33.2567848688456,126.508940263776
186,33.2571300620768,126.510363892139
189,33.2574097173209,126.524412034435
394,33.2574736802935,126.568493548373
29,33.2575215502361,126.210169654115
253,33.2579776047804,126.428442101691
30,33.2579829268442,126.352935391186
267,33.2580928726103,126.406006382519
295,33.2581193973191,126.415839509268
256,33.2585071159642,126.427003448638
378,33.2586530105086,126.568490413177
52,33.2588999347212,126.476921831537
51,33.2589595714352,126.476507600171
109,33.2590858157188,126.593399090199
48,33.2592056655577,126.474687397932
110,33.259229140131,126.59387402982
49,33.2592657454154,126.474010236922
251,33.2592696638843,126.404662223542
250,33.2593905981319,126.404865449518
44,33.25989767941,126.356370199496
101,33.259995243815,126.491305534197
99,33.2600558403,126.490986957642
98,33.2601778570168,126.490345482043
159,33.2601878772997,126.510370333538
96,33.2602236870199,126.490104539314
157,33.2603821820653,126.513153410197
160,33.2605125736157,126.514850858979
269,33.2609700009698,126.410195850047
115,33.26127013848,126.524428741607
59,33.2616551254378,126.452658411134
57,33.2616899003025,126.453101880221
247,33.261756484889,126.412578548412
244,33.2620250008509,126.414359779966
309,33.2620753169919,126.559024392488
95,33.262662414017,126.542059748424
96,33.2626899811438,126.542299939873
69,33.2632387095572,126.44382635549
64,33.2635926420061,126.623204402864
65,33.2636240241865,126.623943319546
189,33.2636849235549,126.550978469711
203,33.2641115831754,126.554043289722
202,33.2641171966214,126.554313841535
255,33.2642169597459,126.558740510615
256,33.264586238943,126.561829905655
240,33.2649369539687,126.563553838608
57,33.2649815223317,126.371728511041
58,33.2650654505748,126.372064475643
58,33.2651400802527,126.372580301454
215,33.2653649550646,126.564923537092
209,33.2654305680819,126.565133514135
205,33.265988198701,126.414267487304
203,33.2660400148769,126.414028512905
171,33.2661453628462,126.56815588171
109,33.2687488493739,126.39489840835
101,33.2687806948493,126.394605660737
53,33.2722218484604,126.595303395205
53,33.2722912806495,126.595501636538
31,33.2746046930701,126.234141819078
29,33.2750441834306,126.233439577445
29,33.2753737946217,126.232714229452
36,33.2776610959435,126.66250635879
28,33.2781680404405,126.667650841978
38,33.2791450972975,126.368597660936
63,33.2798825926432,126.685954345036
46,33.280072104575,126.362147497048
46,33.2800843832163,126.362057805155
46,33.2801152650928,126.361832224125
49,33.2809632410576,126.356788105407
109,33.2815634050191,126.703139725443
23,33.2821780883877,126.226140969467
102,33.28277135834,126.71671805997
93,33.2835929760451,126.72059078578
83,33.2841889873216,126.723306080511
75,33.2844393269907,126.72444657018
72,33.2845515647929,126.724957896651
85,33.2856382802965,126.720975392001
32,33.2858228659624,126.301572261399
34,33.2859738355288,126.301788854528
83,33.286083045153,126.720954934426
45,33.2873555929438,126.736525350221
32,33.2875816779813,126.737511915442
27,33.2879973405581,126.73932573127
23,33.2883683638233,126.655399767109
23,33.2890033988558,126.744291235786
2,33.2898608129204,126.487408898862
2,33.2901160641003,126.489005717124
4,33.291358503068,126.514456562174
4,33.2914040809002,126.513613030567
2,33.2917307309558,126.504396273486
2,33.2917471170944,126.505009654368
21,33.2918924598082,126.556170668223
70,33.2956107099388,126.595225981145
51,33.2986244481363,126.333607029843
55,33.2989375777864,126.333934442885
55,33.2990957109828,126.333776830927
46,33.299657796531,126.346168833822
59,33.3007960854078,126.600331823589
19,33.3011139809425,126.719616165293
51,33.3017771487254,126.334880977051
63,33.3053587852904,126.598913748991
64,33.3058672207151,126.599081327413
24,33.306979118628,126.805807391906
24,33.3070278662274,126.806303074568
64,33.3082357708673,126.598689775097
13,33.3084648628453,126.716271392627
13,33.308714067282,126.715982852214
13,33.3115378973186,126.345810011415
11,33.3123352005829,126.695861338159
11,33.3124488322458,126.696172610045
15,33.3125090260766,126.70386319978
11,33.3151109569679,126.71433283182
11,33.3153083870423,126.714352808608
22,33.3169132415404,126.624634355945
21,33.3170653795339,126.623867244628
25,33.3174588352417,126.269868073231
14,33.3180748118772,126.618196796626
14,33.318126212427,126.61789997756
49,33.3187460944421,126.247148330437
23,33.320920712645,126.350630360301
22,33.3212695048757,126.350777859317
55,33.3215519207645,126.24487064639
20,33.3220181344517,126.645196159801
37,33.3228507506081,126.351446867507
48,33.3231972412071,126.24874876058
16,33.3236301198009,126.760714394103
16,33.323817078251,126.760979379043
3,33.3250958586337,126.665698173918
53,33.3269084908927,126.253024699282
70,33.3306727104676,126.354986792423
65,33.3308220849345,126.354178885417
1,33.3317422004502,126.676430650614
1,33.3319812617056,126.677098121253
4,33.3367559317746,126.610141131028
86,33.3368484929151,126.842085961552
4,33.3371583941088,126.610343112579
12,33.3372436401165,126.695809499868
12,33.3373978762042,126.69611703357
55,33.3410595183512,126.84536106228
33,33.3430785788992,126.182616549771
28,33.3434280453514,126.703706428063
21,33.3446283972409,126.849278713014
20,33.3452396554215,126.850113181832
93,33.3468294461737,126.35799118119
6,33.3483047201916,126.614293468602
6,33.3486912309989,126.614598570799
37,33.3488281769465,126.186248165403
27,33.3493201973857,126.774116261159
27,33.3494944001729,126.77419960719
50,33.3502706793162,126.256059667601
49,33.3505037534043,126.256015998507
48,33.3514255849429,126.255678604345
90,33.3518061088766,126.35960820219
88,33.3521050006984,126.359704952658
38,33.3542775559552,126.186986980213
37,33.3560981164777,126.187070448091
32,33.3568288903559,126.264074966853
30,33.3583578838584,126.271651731813
28,33.3598385219255,126.267782917486
10,33.3613084756441,126.766621876688
10,33.3617166685293,126.766957856919
10,33.3643362111469,126.769408879407
10,33.3644710279554,126.769568210235
38,33.3675062106573,126.258149855032
13,33.3690809994107,126.625053332856
13,33.3692807470292,126.625250130753
14,33.3702639693307,126.283715558013
4,33.3720564003339,126.471800187543
4,33.3721404695887,126.47179165024
44,33.3744406582937,126.214841472693
45,33.3745146136494,126.215045296956
15,33.3748569476226,126.279223948345
43,33.3750433040544,126.216456105199
79,33.3787239600463,126.226134042143
63,33.3817302929314,126.792312233733
148,33.3821613895346,126.236043219808
66,33.3836004291836,126.793649386534
153,33.3875379604157,126.249126573228
51,33.3880889286135,126.48585016514
51,33.3881613476204,126.485989733783
71,33.3897548658939,126.79830079279
47,33.3901874292222,126.485480480005
42,33.3912104917744,126.483575386505
18,33.3920346928207,126.616634919623
18,33.3922804781201,126.616521247203
95,33.392365918808,126.263513407257
107,33.3931894296438,126.263195355151
105,33.3939720373427,126.263059814728
105,33.3942280379071,126.263041501652
73,33.3943729704065,126.80097882227
73,33.3949346192914,126.801028695
73,33.395311044852,126.801148098043
131,33.3963338661156,126.260544291868
81,33.3984515222728,126.788154650986
107,33.3986618356017,126.263630073462
19,33.4011879129732,126.874795657301
12,33.4025455223039,126.864244167405
98,33.4048485223969,126.269429417346
151,33.4053193515595,126.255541108991
123,33.4053627518928,126.260026941304
119,33.4054317833372,126.260225831377
4,33.4060370643012,126.619933238675
4,33.4061811269814,126.61985723897
99,33.4084313137117,126.263029936649
38,33.4087089082702,126.772896686254
38,33.4089128263088,126.77251809943
94,33.4092873681044,126.264015357447
103,33.4094155336088,126.259139099184
40,33.4104233975029,126.769649856404
98,33.4112548765453,126.257313117693
84,33.4120865328011,126.268407999409
22,33.4124213353622,126.832254199622
90,33.4125732567196,126.258674169467
60,33.4129446319396,126.396510708206
59,33.4131578284173,126.396836691133
89,33.4135600432656,126.259692895518
57,33.4140106879684,126.398139535226
85,33.4141750121486,126.269377560844
9,33.4147331477548,126.481364949343
9,33.4153259917155,126.479581011194
82,33.4155294753793,126.261797126147
84,33.4158543002155,126.262738636331
84,33.4174495715507,126.262952680503
83,33.4178006887455,126.264683922665
81,33.4179961298307,126.277207879887
81,33.4183386117339,126.27731391996
84,33.418411972574,126.268029025365
9,33.4194233971314,126.491494792806
64,33.4194794674455,126.405896726196
62,33.4198281966989,126.759321908228
62,33.4204354708476,126.758748665587
81,33.4206135728199,126.273076690119
60,33.420695495589,126.758506579942
82,33.4209546113693,126.273750041819
66,33.4211092497844,126.407258975842
35,33.4217932702362,126.676660673224
87,33.4221445845451,126.278124511889
9,33.4226724285996,126.492934823993
17,33.4239548116737,126.314598972409
17,33.424114441458,126.314799147584
45,33.4243430624178,126.675832497175
59,33.4244279085006,126.409395782267
42,33.427747274683,126.662612038652
42,33.4277487730194,126.66233499398
48,33.4288406442461,126.750881044473
17,33.429389217233,126.352388150391
32,33.429713699874,126.328707243469
47,33.4307418267952,126.674332674448
47,33.4309930548769,126.674168320865
32,33.4319637416378,126.862525855693
48,33.433558179785,126.672297792843
75,33.4337941530909,126.420434645663
29,33.4345806476363,126.324311948481
106,33.4348338348803,126.909657105936
18,33.4349796791914,126.724939157344
48,33.4358606259309,126.680793391511
21,33.4359411786532,126.736248543312
48,33.4359870126683,126.680438456392
70,33.436550391855,126.423970570874
69,33.4366903487978,126.424158794647
54,33.4372485454518,126.677153598442
74,33.4377436224569,126.42566268991
30,33.4379355044698,126.327937582923
21,33.4379464931581,126.73250865826
21,33.4383285187565,126.732031757687
72,33.4387947238882,126.427167730502
19,33.4388665103582,126.744381950588
75,33.43893866966,126.427353330218
18,33.4390260284277,126.744839409636
36,33.4391796071832,126.329386254274
78,33.4395688920353,126.42808734911
78,33.4410192088679,126.429511315336
83,33.4433099700224,126.311885994175
79,33.4433578077209,126.431586954408
79,33.4435962754171,126.431816805271
101,33.4441208040702,126.912947762086
81,33.4449960075128,126.433331689318
46,33.4450543355931,126.336065448899
90,33.4458473008031,126.903807670493
52,33.4458930538202,126.557958355784
82,33.446408758467,126.434971681601
52,33.4464557727124,126.557372605892
99,33.4471827098691,126.91257888647
97,33.4486894847696,126.91635751084
125,33.450215274642,126.920771364786
106,33.45029363305,126.912167169265
102,33.4506472137443,126.91464910702
22,33.4514035720973,126.369122060933
22,33.4517308067179,126.366077028665
52,33.4519008225567,126.341998091653
96,33.4521172394064,126.911925134043
48,33.4523963717166,126.344994337633
27,33.4524229212358,126.382624077839
95,33.4525866211234,126.911864733697
23,33.4526884912095,126.709276573579
29,33.4527343216207,126.385336639952
47,33.4527634666688,126.348982418565
52,33.4531994321482,126.350344076729
39,33.4533235613411,126.390353990664
72,33.4533460384464,126.440690384426
42,33.4535848630936,126.353088359204
39,33.4557024311075,126.401324558867
48,33.4579666434294,126.410076763561
96,33.4587989293056,126.310997980474
74,33.4593254440093,126.4457503392
70,33.460156565801,126.446842733651
131,33.4602760456265,126.930940973848
30,33.4607849516974,126.569399713724
94,33.4609519281935,126.910636699357
77,33.4610545956724,126.444332776353
92,33.4611287415836,126.320568038665
73,33.4622143482158,126.326551111199
71,33.462227973735,126.423639137749
76,33.4626767725677,126.330151792542
57,33.4630901475992,126.45247916742
45,33.4633416159234,126.454106417359
55,33.4644143849608,126.54909841402
53,33.464924556531,126.464348852757
86,33.4653181788848,126.908612168017
45,33.4658632729266,126.456384480352
54,33.4664333666973,126.454583167413
54,33.4666066165642,126.454021511351
41,33.4667771793738,126.518241729341
41,33.4669065534262,126.516516073838
42,33.4670543043359,126.515718042129
26,33.467989107931,126.569884814736
55,33.4681579285437,126.446368636228
45,33.4686641115594,126.678234657653
50,33.4693520230788,126.547313949218
72,33.4697311615489,126.659985727317
60,33.4699177931052,126.664161489308
62,33.4703721796441,126.902792855364
64,33.4704833664492,126.460846292339
16,33.4705218980409,126.583974823556
46,33.4709247002802,126.645640369681
12,33.4710263037444,126.776546493998
55,33.471060803632,126.545466761948
67,33.4711644904546,126.395146649943
29,33.4714756065794,126.570140018352
78,33.4722764927296,126.418442753822
87,33.4725049919444,126.424368218158
90,33.4725251192643,126.424890163052
79,33.4728188672202,126.463030136341
64,33.4733901537049,126.409128845846
58,33.4734941166381,126.54564685499
80,33.4750542730316,126.527066823272
78,33.4750783348768,126.531678917984
40,33.4752557863881,126.637239102771
98,33.4754460357445,126.388193465115
106,33.4761233963207,126.382742108857
12,33.4761993547706,126.780031966172
442,33.4763083664232,126.483321449213
12,33.4765877036939,126.78088640456
76,33.4774452416424,126.542702666953
99,33.4777465587959,126.387802872481
95,33.4777989563702,126.387917700177
74,33.4780007098046,126.543842854539
94,33.4780366026205,126.388438506624
174,33.4782573355277,126.468080699335
14,33.4786049915587,126.783057387099
465,33.4789589597056,126.482307105285
22,33.4800531903494,126.625485805126
342,33.4806787731719,126.47221616715
92,33.4807030165459,126.398577021092
90,33.4808641691093,126.398882003516
133,33.4809458977838,126.518319792418
145,33.4810271164441,126.516615480242
88,33.481164405545,126.399447293064
89,33.4813236175566,126.399747062104
134,33.4819405547467,126.444915292285
48,33.4820160853543,126.897890543057
135,33.482143834857,126.444246042516
131,33.4823322729175,126.442265792754
131,33.4823917096749,126.441621730859
76,33.4834327587274,126.404152782192
450,33.4835885852766,126.496367948563
77,33.4836605799524,126.405096018178
75,33.4837190245419,126.405337996907
109,33.4852643036907,126.410895667416
139,33.4854889916636,126.542504074337
447,33.4857043348611,126.496451479799
15,33.4857069297096,126.604162168012
462,33.4858848982071,126.48997863686
465,33.4859749608454,126.486408542467
460,33.4860001482996,126.479550199085
461,33.4863268973952,126.480149855493
111,33.4865591553768,126.413986087756
197,33.4876327408138,126.540414261975
453,33.488395272595,126.483506573261
301,33.4886513039141,126.518115042659
16,33.4886994919865,126.597620980703
308,33.4891323356354,126.51840519886
249,33.4891609914275,126.539000293117
205,33.489894397571,126.543623135914
445,33.4899395851663,126.490153292774
454,33.4900778664014,126.486557979572
39,33.4915667776613,126.680766316837
39,33.4917286478021,126.682267261409
16,33.4918481088766,126.591872255149
337,33.4918627421234,126.536408792357
28,33.4921777480236,126.89404872612
383,33.4922234913302,126.521426354595
373,33.492272335083,126.519710511503
442,33.4923347723675,126.490247073997
95,33.4925391785774,126.426231105849
104,33.492699147444,126.42824119922
359,33.4927177726985,126.535596730549
116,33.493035647622,126.430945980195
147,33.4931841477486,126.442007667002
154,33.4935455855654,126.445105230005
507,33.4935503975795,126.479240886459
493,33.4935980853931,126.477163823551
491,33.4936237104763,126.496769042775
121,33.4936610538566,126.433789198028
434,33.4937925855376,126.492189386746
319,33.493985553694,126.468509542659
124,33.4940668666483,126.435871479764
250,33.4941062100709,126.4662653862
126,33.4942054912528,126.436670543026
14,33.4946840540553,126.806103605086
432,33.494762710456,126.53365432435
146,33.4948673357636,126.450592823289
208,33.4949290228189,126.461602198802
193,33.4952687101035,126.459948043231
154,33.495320741147,126.454360855413
449,33.4953766474739,126.51979222988
14,33.4966230227864,126.812151792968
26,33.496710616894,126.581529061335
27,33.4968633703578,126.58123009621
30,33.496887491691,126.893155324487
475,33.4974999603428,126.496946073897
516,33.4981510228708,126.519834041828
515,33.4983634604991,126.516407136545
479,33.4993202105409,126.502750261043
387,33.4994265233055,126.541298167922
592,33.4998484915111,126.519871667626
552,33.4999727103403,126.516469355238
548,33.5000052095862,126.515572979381
636,33.5000203975166,126.5249242305
498,33.5001033348487,126.512851104811
495,33.5001322103386,126.512046011949
450,33.5003300857641,126.505998479791
665,33.5007304293026,126.529106761554
380,33.5007724911843,126.543836605272
49,33.5014774884938,126.569223187609
49,33.5016270326083,126.568923085567
678,33.5017951159869,126.531511261486
520,33.5029001170004,126.511233917306
644,33.5032544289508,126.534802885849
625,33.5040585224232,126.536446167754
253,33.5043775850356,126.55061107438
690,33.504811303868,126.526240074258
707,33.5061024917709,126.529427823062
176,33.5073491171156,126.556173167691
557,33.5073840230796,126.540330948155
37,33.5081082100276,126.887392793316
633,33.5083586790626,126.533592760541
171,33.508463678702,126.558231105407
169,33.5087115227295,126.558702856002
165,33.5090835853573,126.559424980577
450,33.5097289600199,126.543144042534
312,33.5115786476865,126.547563729266
452,33.513333398275,126.542349229919
193,33.5134292729189,126.553506574299
177,33.5137085231915,126.554482792198
494,33.5142054603757,126.538405823994
165,33.5143900228253,126.555913292109
156,33.5155009919739,126.557974823462
528,33.5167100848778,126.530479386018
539,33.5168000854569,126.524827980072
62,33.5183112103728,126.860999574173
63,33.5183272098976,126.882437448811
62,33.518382922675,126.860343770252
23,33.5184679598581,126.645684543347
111,33.5187404599902,126.565636261184
101,33.5189868046388,126.568861137262
56,33.5193378977507,126.874346917457
110,33.5197262729333,126.571488230259
97,33.5198323570248,126.588049120389
112,33.5202921646317,126.572699104268
105,33.5210976164643,126.585400386165
113,33.5212640228868,126.58139776162
112,33.5213225162876,126.578403919114
110,33.5213285478421,126.578036119903
97,33.5213990224748,126.587288104401
36,33.5255245822814,126.609951525907
57,33.5276613418853,126.644821150935
33,33.5278674855338,126.613582311098
39,33.5291938352995,126.839578168525
43,33.5298889291798,126.616461387075
73,33.5347830556418,126.64252133137
118,33.536816307871,126.658816396487
104,33.5370848967475,126.665888501293
27,33.5391278884871,126.826527565679
28,33.5400890220911,126.825142636436
32,33.546078085284,126.80404544982
102,33.5467442104218,126.6910393861
81,33.5478877247545,126.694628435615
34,33.5493303043176,126.778124605659
31,33.5506747415713,126.79567335488
38,33.5515851795642,126.769385199097
35,33.55352470075,126.739714026037
34,33.554302028756,126.738379359887
36,33.5553158351598,126.736681480483
37,33.5560801767072,126.759732107662
