Year,Month,Day,Info
2018,1,1,새해
2018,2,15,설날
2018,2,16,설날
2018,2,17,설날
2018,3,1,삼일절
2018,5,5,어린이날
2018,5,7,대체휴일
2018,5,22,부처님오신날
2018,6,6,현충일
2018,6,13,지방선거
2018,8,15,광복절
2018,9,23,추석
2018,9,24,추석
2018,9,25,추석
2018,9,26,대체휴일
2018,10,3,개천절
2018,10,9,한글날
2018,12,25,크리스마스
2019,1,1,새해
2019,2,4,설날
2019,2,5,설날
2019,2,6,설날
2019,3,1,삼일절
2019,5,5,어린이날
2019,5,6,대체휴일
2019,5,12,부처님오신날
2019,6,6,현충일
2019,8,15,광복절
2019,9,12,추석
2019,9,13,추석
2019,9,14,추석
2019,10,3,개천절
2019,10,9,한글날
2019,12,25,크리스마스
2020,1,1,새해
2020,1,24,설날
2020,1,25,설날
2020,1,26,설날
2020,1,27,설날대체휴일
2020,3,1,삼일절
2020,4,15,국회의원선거
2020,4,30,부처님오신날
2020,5,5,어린이날
2020,6,6,현충일
2020,8,15,광복절
2020,8,17,임시공휴일
2020,9,30,추석
2020,10,1,추석
2020,10,2,추석
2020,10,3,개천절
2020,10,9,한글날
2020,12,25,크리스마스
2021,1,1,새해
2021,2,11,설날
2021,2,12,설날
2021,2,13,설날
2021,3,1,삼일절
2021,5,5,어린이날
2021,5,19,부처님오신날
2021,6,6,현충일
2021,8,15,광복절
2021,8,16,대체휴일
2021,9,20,추석
2021,9,21,추석
2021,9,22,추석
2021,10,3,개천절
2021,10,4,대체휴일
2021,10,9,한글날
2021,10,11,대체휴일
2021,12,25,크리스마스
2022,1,1,1월1일
2022,1,31,설날
2022,2,1,설날
2022,2,2,설날
2022,3,1,삼일절
2022,3,9,대통령선거일
2022,5,5,어린이날
2022,5,8,부처님오신날
2022,6,1,전국동시지방선거
2022,6,6,현충일
2022,8,15,광복절
2022,9,9,추석
2022,9,10,추석
2022,9,11,추석
2022,9,12,대체공휴일
2022,10,3,개천절
2022,10,9,한글날
2022,10,10,대체공휴일
2022,12,25,기독탄신일
2023,1,1,1월1일
2023,1,21,설날
2023,1,22,설날
2023,1,23,설날
2023,1,24,대체공휴일
2023,3,1,삼일절
2023,5,5,어린이날
2023,5,27,부처님오신날
2023,6,6,현충일
2023,8,15,광복절
2023,9,28,추석
2023,9,29,추석
2023,9,30,추석
2023,10,3,개천절
2023,10,9,한글날
2023,12,25,기독탄신일
